1,ชิดชนก เยาวธนโชค,ชาย,2006-03-30,อื่น ๆ,7/7 ถ.ไชยภา ท่าเรือ ป้อมปราบศัตรูพ่าย กระบี่ 84390,กระบี่,0 915 000 806
2,อุดมลักษณ์ ทองอยู่,หญิง,2003-08-31,นักศึกษา,7/8 ถนนนิษประปัญจ์ เนินขามเล็ก แก้งคร้อ ราชบุรี 91240,ราชบุรี,0-2586-8344
3,วรรณรัตน์ ไสยกิจ,หญิง,1988-08-26,ธุรกิจส่วนตัว,3/6 ถ.ทรัพย์ธำรงค์ ต.เขากอบเหนือ อ.สะพานสูง จ.แม่ฮ่องสอน 27810,แม่ฮ่องสอน,062 865 7070
4,ปิยนุช ร่มธิติรัตน์,ชาย,1996-02-09,นักศึกษา,2 ซ.ปรีชากุลเศรษฐ์ ภูเขียว สุพรรณบุรี 93680,สุพรรณบุรี,0 4957 4890
5,มนรัตน์ เลขะพันธุ์,ชาย,2004-08-29,ธุรกิจส่วนตัว,83 หมู่ 6 ถนนทรัพย์ธำรงค์ อ.พรเจริญ สุราษฎร์ธานี 48670,สุราษฎร์ธานี,+66 (0) 856 508 899
6,อภิลักษณ์ นาคะนคร,ชาย,1956-03-04,ธุรกิจส่วนตัว,92 หมู่ 1 ถนนหนักแน่น อำเภอภาษีเจริญ จังหวัดจันทบุรี 20700,จันทบุรี,0 643 419 254
7,นัฐพล ดุริยพันธุ์,ชาย,1971-08-21,อื่น ๆ,475/77 ถนนทศโยธิน อ.เขาสมิง ราชบุรี 44140,ราชบุรี,+66 983 960 306
8,เขียว บินดี,หญิง,1965-03-04,นักศึกษา,38 หมู่ 7 ถนนเขียวขุ้ย อำเภอนาทม หนองบัวลำภู 66040,หนองบัวลำภู,02 304 1144
9,สุทกร นวลเพ็ง,ชาย,1971-06-11,อื่น ๆ,39 หมู่ 72 ถนนถาวรายุศม์ ตำบลห้วยยอด อำเภอบ้านแพง อำนาจเจริญ 47160,อำนาจเจริญ,+66 4870 5964
10,ธีรวุฒิ ตะละภัฏ,หญิง,1976-07-28,พนักงานบริษัท,63/4 ถ.สาระพันธ์ อำเภอปากคาด จังหวัดภูเก็ต 97830,ภูเก็ต,0 2012 2283
11,เพ็ญพรรษา ถะเกิงชศ,ชาย,1995-02-11,อื่น ๆ,55/1 ถนนหนักแน่น อ.ป้อมปราบศัตรูพ่าย สมุทรปราการ 39810,สมุทรปราการ,+66 (0) 4061 6225
12,ทองสิริ นาคพันธุ์,หญิง,1979-12-30,ธุรกิจส่วนตัว,14 หมู่ 54 ถนนถนัดกลึง บางไผ่ใต้ เกษตรสมบูรณ์ อุทัยธานี 11610,อุทัยธานี,+66 (0) 803 396 217
13,เบญญาทิพย์ ติระคมน์,ชาย,1965-01-31,รับราชการ,68/48 ถ.ถนัดอาวุธ อ.เนินสง่า จ.นนทบุรี 60000,นนทบุรี,064-957-6561
14,สุภัทริดา ถนิมมาศ,ชาย,1995-03-14,ธุรกิจส่วนตัว,43 ต.ปากแจ่มใหม่ อ.เมือง สงขลา 64280,สงขลา,0 3433 5141
15,ไชยภพ นิระหานี,ชาย,1993-05-09,ธุรกิจส่วนตัว,40/52 ถ.นับเนื่องนอ บ่อหนองอิเฒ่า ชัยนาท 99990,ชัยนาท,023 303614
16,พัชรีนิษฐ์ ฉายแสง,ชาย,1955-09-25,พนักงานบริษัท,77/2 ถนนพรสีมา พะโต๊ะเล็ก นครพนม 32250,นครพนม,+664 189 4232
17,ภาสินี ถนัดอาวุธ,ชาย,1996-09-12,รับราชการ,4 ถ.จ้อยนุแสง อำเภอห้วยขวาง จังหวัดปทุมธานี 51760,ปทุมธานี,05 487 8706
18,นัสรุน ถนอมกุลบุตร,หญิง,1987-04-30,อื่น ๆ,00 หมู่ 59 ถ.ดาวอร่าม ท่าเรือ พรเจริญ ระนอง 39130,ระนอง,0 5028 5873
19,ราชันทร์ ธรรมฤดี,หญิง,2001-01-06,รับราชการ,58/94 ถนนฉัพพรรณธนกูร อำเภอศรีสงคราม แม่ฮ่องสอน 38340,แม่ฮ่องสอน,+664 485 2791
20,สิริลัดดา นาถะเดชะ,หญิง,1989-03-30,อื่น ๆ,4 ถนนนะวะมันดร หนอกจอก กาฬสินธุ์ 86560,กาฬสินธุ์,052 808141
21,พาสุข ศาสตร์ศิลป์,ชาย,1959-12-19,ธุรกิจส่วนตัว,9 ต.บ้านบางกุ้ง อ.เทพสถิต ลำพูน 46660,ลำพูน,+663 572 9731
22,ณิชนันท์ นกทอง,หญิง,1982-01-18,ธุรกิจส่วนตัว,368/03 ถ.เขียวขุ้ย ต.หนองช้างแล่น อ.แม่ลาว จ.นนทบุรี,นนทบุรี,+66 (0) 3428 3449
23,ลัดดา นุชแนวนุ่ม,หญิง,1984-08-24,อื่น ๆ,57 หมู่ 6 ถ.นักรบ อำเภอนาแก จังหวัดนนทบุรี 51010,นนทบุรี,+66 7084 2185
24,หรรษธร ธัญเสถียร,ชาย,2000-05-10,ธุรกิจส่วนตัว,177 ถนนทองประดิฐ ต.ในเตา อ.วังยาง จ.ชุมพร 76380,ชุมพร,+66 2498 3798
25,อเนชา บุณยะภาชน์,ชาย,2002-09-24,พนักงานบริษัท,279/83 หมู่บ้านวีระวัฒน์ เฉลิมพระเกียรติ กระบี่ 79660,กระบี่,049917340
26,พรพิไล นำธวัช,หญิง,1964-11-21,รับราชการ,219/05 ถ.ทองสินธุ์ บ้านปังหวาน สกลนคร 57270,สกลนคร,050 481961
27,เจษฎากร นิลวิมล,ชาย,1984-05-18,ธุรกิจส่วนตัว,64 ถนนตั้งเผ่า หนองปลาหมอ ซับใหญ่ สระบุรี 67880,สระบุรี,0602484593
28,ชรินทร์ทิพย์ ทองประดิฐ,หญิง,1965-12-31,อื่น ๆ,53 หมู่ 49 ถ.เขียวขุ้ย อ.พระนคร ระนอง 66340,ระนอง,031297929
29,อมัด ธูปะวิโรจน์,หญิง,1965-04-30,พนักงานบริษัท,5/4 ถนนบัวเผื่อน ตำบลนาวง อำเภอเนินสง่า บึงกาฬ 75710,บึงกาฬ,092 009 0307
30,วิชา นิลสลัว,ชาย,1972-12-14,นักศึกษา,36 ถนนทวนทอง ตำบลนาดี อำเภอเวียงแก่น สกลนคร 99630,สกลนคร,+665 457 9131
31,กิติวัฒน์ พานเกล้า,ชาย,1954-08-16,ธุรกิจส่วนตัว,94/36 ถ.บุนยะศัพท์ ตาก 10620,ตาก,088-096-4217
32,สุธินันท์ ขอหมั่นกลาง,หญิง,1956-09-06,อื่น ๆ,416 ถนนธรรมสถิตไพศาล อ.สามโคก เชียงใหม่ 53760,เชียงใหม่,044433099
33,วิรชัย ทันยุค,หญิง,1995-06-19,รับราชการ,86/8 ถ.นครเทพ บางกุ้ง จ.ปัตตานี 24210,ปัตตานี,+66 3036 0018
34,กิติกานต์ ทรัพย์สาร,ชาย,1961-01-09,ธุรกิจส่วนตัว,280 หมู่บ้านหลี บึงกุ่ม เชียงใหม่ 77080,เชียงใหม่,03 145 1406
35,พัสวี ถนอมกุลบุตร,ชาย,1975-08-01,อื่น ๆ,14/16 ถนนตั้งกุลงาม อ.เขาสมิง จ.แพร่ 96970,แพร่,022-788988
36,สิริลัดดา ไม้แดง,ชาย,1974-02-03,ธุรกิจส่วนตัว,68/5 ถนนดาบเงิน อ.พรเจริญ จ.ขอนแก่น 14850,ขอนแก่น,04 455 4588
37,จณิตตา ดาตู,หญิง,1964-05-23,รับราชการ,91/7 ถนนศาสตร์ศิลป์ ต.เขาปูนเล็ก อ.เทพสถิต อ่างทอง 12080,อ่างทอง,0 5943 9555
38,รภัสพงษ์ ไทยแท้,ชาย,1994-12-24,อื่น ๆ,82 หมู่ 0 หมู่บ้านธารา แม่ลาว น่าน 31260,น่าน,0 990 184 134
39,ธัชญา นักรบ,หญิง,1990-02-02,รับราชการ,286/0 ถ.ธรรมนิยม หนองตอกแป้น นครสวรรค์ 83670,นครสวรรค์,0-7583-7146
40,กวีฉัฏฐ บุตดา,หญิง,1990-06-21,นักศึกษา,69 ถนนร่มธิติรัตน์ ต.ห้วยบางแค จ.พัทลุง 18140,พัทลุง,055 898486
41,ณิชาภัทร นำธวัช,หญิง,1993-10-23,ธุรกิจส่วนตัว,8 ถ.นรวิทย์โชติกุล ต.คลองขาม อ.เกษตรสมบูรณ์ ลพบุรี 15660,ลพบุรี,+66 4011 0647
42,มารีนี พงศ์ฉบับนภา,ชาย,1979-08-17,พนักงานบริษัท,67/1 ถนนทองสีไพล บัวบานใต้ แม่ฮ่องสอน 39460,แม่ฮ่องสอน,0-3846-4657
43,พรชีวิน ไม้แดง,ชาย,1987-09-16,นักศึกษา,11/23 ถนนขุนดำ ตำบลอุ่มเม่า จังหวัดชัยนาท 72010,ชัยนาท,+66 5908 3865
44,อลิษา นิระหานี,หญิง,1961-04-16,นักศึกษา,44 ถนนพรสีมา อ.ห้วยขวาง จ.กาฬสินธุ์ 41610,กาฬสินธุ์,077-487619
45,ณิชเชฏฐ์ ดิสกะประกาย,ชาย,1980-07-24,นักศึกษา,8 ถนนศรีตะวัน เมือง พะเยา 88390,พะเยา,047105408
46,ยอดแมน บุนยะศัพท์,ชาย,1961-02-15,รับราชการ,362/24 ถนนนำธวัช ต.บางปะกอก อ.ป้อมปราบศัตรูพ่าย สระแก้ว 36440,สระแก้ว,054473759
47,พันเทพ ถาวรรัตน,หญิง,1966-04-04,นักศึกษา,78 หมู่ 20 ถนนดาวกระจาย บางสะพานน้อย นราธิวาส 69770,นราธิวาส,041224318
48,ชลิดา ตระกูลบุญ,ชาย,2000-11-12,รับราชการ,94 หมู่ 6 ถนนขำเอนก ตำบลวัดเกาะโพธิ์ อำเภอเทพสถิต น่าน 55490,น่าน,+66 (0) 686 015 521
49,สิริ ปรีชากุลเศรษฐ์,ชาย,1964-01-08,พนักงานบริษัท,11/1 ถนนถนอมพล เฉลิมพระเกียรติ จ.กาฬสินธุ์ 60120,กาฬสินธุ์,0965315408
50,อาซือมะ หนุนสุข,หญิง,1961-11-27,อื่น ๆ,46 หมู่ 19 ถ.นครเทพ ต.บึงหนองอิเฒ่าใหญ่ อ.สามโคก จ.พัทลุง 92090,พัทลุง,051 233648
